{"stats":{"minecraft:custom":{"minecraft:interact_with_furnace":31,"minecraft:mob_kills":61,"minecraft:interact_with_crafting_table":21,"minecraft:leave_game":3,"minecraft:time_since_death":27242,"minecraft:climb_one_cm":5742,"minecraft:time_since_rest":27263,"minecraft:sprint_one_cm":187871,"minecraft:damage_taken":1565,"minecraft:walk_one_cm":235123,"minecraft:damage_blocked_by_shield":145,"minecraft:drop":12,"minecraft:damage_dealt":6137,"minecraft:swim_one_cm":38141,"minecraft:fly_one_cm":277765,"minecraft:open_chest":19,"minecraft:crouch_one_cm":4413,"minecraft:play_time":68036,"minecraft:deaths":2,"minecraft:sneak_time":2920,"minecraft:walk_under_water_one_cm":18475,"minecraft:jump":1522,"minecraft:walk_on_water_one_cm":19704,"minecraft:total_world_time":68036,"minecraft:fall_one_cm":35421},"minecraft:killed_by":{"minecraft:skeleton":1},"minecraft:mined":{"minecraft:crafting_table":1,"minecraft:granite":8,"minecraft:grass_block":7,"minecraft:chest":2,"minecraft:dead_bush":6,"minecraft:cobblestone":6,"minecraft:copper_ore":5,"minecraft:spruce_leaves":4,"minecraft:diorite":21,"minecraft:wall_torch":5,"minecraft:furnace":1,"minecraft:iron_ore":11,"minecraft:sweet_berry_bush":7,"minecraft:spruce_log":9,"minecraft:grass":6,"minecraft:coal_ore":113,"minecraft:oak_log":18,"minecraft:gravel":1,"minecraft:dirt":6,"minecraft:stone":277,"minecraft:blue_orchid":1,"minecraft:oak_leaves":1},"minecraft:dropped":{"minecraft:oak_log":11,"minecraft:feather":5,"minecraft:cooked_mutton":1,"minecraft:diorite":13,"minecraft:wooden_sword":2,"minecraft:blue_orchid":1,"minecraft:wooden_pickaxe":1},"minecraft:broken":{"minecraft:stone_pickaxe":3},"minecraft:picked_up":{"minecraft:crafting_table":2,"minecraft:feather":14,"minecraft:chicken":7,"minecraft:leather":10,"minecraft:wooden_pickaxe":2,"minecraft:oak_log":17,"minecraft:gunpowder":1,"minecraft:string":2,"minecraft:dirt":14,"minecraft:raw_copper":21,"minecraft:wooden_sword":2,"minecraft:cooked_mutton":2,"minecraft:bone":9,"minecraft:blue_orchid":1,"minecraft:bow":1,"minecraft:wheat_seeds":2,"minecraft:beef":26,"minecraft:stone_pickaxe":1,"minecraft:glowstone_dust":1,"minecraft:chest":2,"minecraft:oak_planks":16,"minecraft:furnace":2,"minecraft:stick":13,"minecraft:raw_iron":13,"minecraft:sweet_berries":93,"minecraft:torch":6,"minecraft:gravel":1,"minecraft:porkchop":58,"minecraft:diorite":21,"minecraft:spruce_log":9,"minecraft:arrow":11,"minecraft:stone_sword":1,"minecraft:rotten_flesh":3,"minecraft:granite":8,"minecraft:oak_sapling":1,"minecraft:mutton":27,"minecraft:coal":118,"minecraft:white_wool":15,"minecraft:cobblestone":345},"minecraft:crafted":{"minecraft:cooked_beef":9,"minecraft:oak_planks":44,"minecraft:cooked_porkchop":4,"minecraft:crafting_table":3,"minecraft:spruce_planks":36,"minecraft:wooden_pickaxe":1,"minecraft:cooked_chicken":9,"minecraft:furnace":2,"minecraft:stone_axe":1,"minecraft:cooked_mutton":14,"minecraft:air":0,"minecraft:shield":1,"minecraft:stick":32,"minecraft:iron_ingot":4,"minecraft:iron_pickaxe":1,"minecraft:stone_pickaxe":4,"minecraft:stone_sword":2,"minecraft:chest":3,"minecraft:white_bed":2,"minecraft:torch":56},"minecraft:killed":{"minecraft:pig":17,"minecraft:spider":1,"minecraft:frog":1,"minecraft:creeper":1,"minecraft:skeleton":9,"minecraft:sheep":13,"minecraft:zombie":2,"minecraft:chicken":7,"minecraft:cow":10},"minecraft:used":{"minecraft:cooked_mutton":9,"minecraft:stone_sword":100,"minecraft:stone_pickaxe":416,"minecraft:shield":5,"minecraft:chest":5,"minecraft:wooden_pickaxe":25,"minecraft:cooked_chicken":5,"minecraft:rotten_flesh":3,"minecraft:torch":23,"minecraft:dirt":7,"minecraft:crafting_table":3,"minecraft:white_bed":2,"minecraft:granite":8,"minecraft:iron_pickaxe":7,"minecraft:gravel":1,"minecraft:stone_axe":1,"minecraft:wooden_sword":58,"minecraft:cobblestone":27,"minecraft:bow":3,"minecraft:sweet_berries":23,"minecraft:oak_sapling":1,"minecraft:furnace":2,"minecraft:cooked_beef":1}},"DataVersion":3463}