{"stats":{"minecraft:custom":{"minecraft:interact_with_furnace":15,"minecraft:mob_kills":34,"minecraft:interact_with_crafting_table":7,"minecraft:leave_game":1,"minecraft:time_since_death":6110,"minecraft:climb_one_cm":4500,"minecraft:time_since_rest":6130,"minecraft:sprint_one_cm":125552,"minecraft:damage_taken":755,"minecraft:walk_one_cm":113563,"minecraft:drop":12,"minecraft:damage_dealt":3434,"minecraft:swim_one_cm":37746,"minecraft:fly_one_cm":185930,"minecraft:open_chest":5,"minecraft:crouch_one_cm":2595,"minecraft:play_time":40156,"minecraft:deaths":1,"minecraft:sneak_time":2332,"minecraft:walk_under_water_one_cm":17447,"minecraft:jump":985,"minecraft:walk_on_water_one_cm":17093,"minecraft:total_world_time":40156,"minecraft:fall_one_cm":21241},"minecraft:killed_by":{"minecraft:skeleton":1},"minecraft:mined":{"minecraft:crafting_table":1,"minecraft:granite":8,"minecraft:grass_block":5,"minecraft:dead_bush":4,"minecraft:copper_ore":5,"minecraft:spruce_leaves":2,"minecraft:diorite":21,"minecraft:furnace":1,"minecraft:iron_ore":7,"minecraft:grass":4,"minecraft:coal_ore":14,"minecraft:oak_log":13,"minecraft:gravel":1,"minecraft:dirt":6,"minecraft:stone":227,"minecraft:blue_orchid":1},"minecraft:dropped":{"minecraft:oak_log":11,"minecraft:feather":5,"minecraft:cooked_mutton":1,"minecraft:diorite":13,"minecraft:wooden_sword":2,"minecraft:blue_orchid":1,"minecraft:wooden_pickaxe":1},"minecraft:broken":{"minecraft:stone_pickaxe":2},"minecraft:picked_up":{"minecraft:crafting_table":2,"minecraft:feather":10,"minecraft:chicken":3,"minecraft:leather":7,"minecraft:wooden_pickaxe":2,"minecraft:oak_log":12,"minecraft:dirt":11,"minecraft:raw_copper":21,"minecraft:wooden_sword":2,"minecraft:cooked_mutton":2,"minecraft:blue_orchid":1,"minecraft:wheat_seeds":2,"minecraft:beef":18,"minecraft:stone_pickaxe":1,"minecraft:oak_planks":16,"minecraft:furnace":2,"minecraft:stick":10,"minecraft:raw_iron":9,"minecraft:sweet_berries":73,"minecraft:gravel":1,"minecraft:porkchop":58,"minecraft:diorite":21,"minecraft:stone_sword":1,"minecraft:rotten_flesh":1,"minecraft:granite":8,"minecraft:oak_sapling":1,"minecraft:mutton":12,"minecraft:coal":24,"minecraft:white_wool":6,"minecraft:cobblestone":285},"minecraft:crafted":{"minecraft:cooked_beef":1,"minecraft:oak_planks":24,"minecraft:crafting_table":2,"minecraft:cooked_chicken":5,"minecraft:furnace":1,"minecraft:cooked_mutton":3,"minecraft:air":0,"minecraft:stick":4,"minecraft:stone_pickaxe":3,"minecraft:stone_sword":1,"minecraft:chest":1},"minecraft:killed":{"minecraft:pig":17,"minecraft:spider":1,"minecraft:frog":1,"minecraft:skeleton":1,"minecraft:sheep":3,"minecraft:zombie":1,"minecraft:chicken":3,"minecraft:cow":7},"minecraft:used":{"minecraft:cooked_mutton":4,"minecraft:stone_sword":33,"minecraft:stone_pickaxe":274,"minecraft:chest":1,"minecraft:wooden_pickaxe":12,"minecraft:rotten_flesh":1,"minecraft:cooked_chicken":5,"minecraft:dirt":6,"minecraft:crafting_table":2,"minecraft:granite":8,"minecraft:gravel":1,"minecraft:wooden_sword":58,"minecraft:sweet_berries":3,"minecraft:oak_sapling":1,"minecraft:furnace":1,"minecraft:cooked_beef":1}},"DataVersion":3463}