{"stats":{"minecraft:custom":{"minecraft:interact_with_furnace":12,"minecraft:mob_kills":70,"minecraft:interact_with_crafting_table":26,"minecraft:leave_game":4,"minecraft:time_since_death":52344,"minecraft:sleep_in_bed":1,"minecraft:climb_one_cm":4262,"minecraft:time_since_rest":34866,"minecraft:sprint_one_cm":315198,"minecraft:damage_taken":2391,"minecraft:walk_one_cm":138122,"minecraft:damage_blocked_by_shield":20,"minecraft:drop":46,"minecraft:damage_dealt":9766,"minecraft:swim_one_cm":45830,"minecraft:fly_one_cm":413090,"minecraft:player_kills":1,"minecraft:open_chest":5,"minecraft:crouch_one_cm":10791,"minecraft:play_time":75650,"minecraft:deaths":3,"minecraft:sneak_time":3994,"minecraft:walk_under_water_one_cm":15042,"minecraft:jump":2429,"minecraft:interact_with_blast_furnace":17,"minecraft:walk_on_water_one_cm":17913,"minecraft:total_world_time":75650,"minecraft:fall_one_cm":76211},"minecraft:killed_by":{"minecraft:player":1,"minecraft:skeleton":1},"minecraft:broken":{"minecraft:iron_pickaxe":1},"minecraft:dropped":{"minecraft:stone_axe":1,"minecraft:brown_mushroom":4,"minecraft:wheat_seeds":4,"minecraft:cooked_beef":2,"minecraft:stone_sword":1,"minecraft:bowl":1,"minecraft:tuff":4,"minecraft:rotten_flesh":3,"minecraft:granite":4,"minecraft:mushroom_stew":2,"minecraft:red_mushroom":1,"minecraft:leather_chestplate":1,"minecraft:gray_wool":1,"minecraft:mutton":3,"minecraft:oak_sapling":1,"minecraft:spider_eye":1,"minecraft:slime_ball":4,"minecraft:bow":1,"minecraft:stone_pickaxe":1,"minecraft:beef":2,"minecraft:wooden_pickaxe":1,"minecraft:string":1,"minecraft:redstone":2},"minecraft:mined":{"minecraft:tuff":3,"minecraft:brown_mushroom":27,"minecraft:deepslate_diamond_ore":2,"minecraft:crafting_table":2,"minecraft:granite":4,"minecraft:blast_furnace":2,"minecraft:grass_block":3,"minecraft:cobblestone":18,"minecraft:oak_planks":2,"minecraft:red_mushroom":11,"minecraft:hay_block":10,"minecraft:furnace":1,"minecraft:iron_ore":54,"minecraft:cobbled_deepslate":1,"minecraft:grass":18,"minecraft:deepslate_iron_ore":53,"minecraft:coal_ore":35,"minecraft:oak_log":50,"minecraft:vine":1,"minecraft:dirt":5,"minecraft:stone":86,"minecraft:deepslate":58,"minecraft:oak_leaves":2,"minecraft:fern":2},"minecraft:picked_up":{"minecraft:crafting_table":2,"minecraft:leather":16,"minecraft:brown_mushroom":30,"minecraft:red_mushroom":10,"minecraft:tuff":4,"minecraft:oak_log":49,"minecraft:gunpowder":4,"minecraft:dirt":7,"minecraft:string":1,"minecraft:bone":7,"minecraft:apple":2,"minecraft:bow":3,"minecraft:wheat_seeds":4,"minecraft:cobbled_deepslate":82,"minecraft:iron_ingot":3,"minecraft:beef":24,"minecraft:poppy":2,"minecraft:glass_bottle":2,"minecraft:oak_planks":2,"minecraft:furnace":1,"minecraft:stick":6,"minecraft:raw_iron":110,"minecraft:gravel":5,"minecraft:porkchop":22,"minecraft:blast_furnace":2,"minecraft:redstone":4,"minecraft:spider_eye":1,"minecraft:arrow":10,"minecraft:rotten_flesh":3,"minecraft:slime_ball":4,"minecraft:diamond":2,"minecraft:hay_block":10,"minecraft:granite":5,"minecraft:gray_wool":2,"minecraft:oak_sapling":6,"minecraft:mutton":15,"minecraft:coal":35,"minecraft:white_wool":8,"minecraft:cobblestone":105},"minecraft:crafted":{"minecraft:cooked_beef":11,"minecraft:oak_planks":124,"minecraft:crafting_table":2,"minecraft:iron_helmet":1,"minecraft:wooden_pickaxe":2,"minecraft:iron_sword":1,"minecraft:bowl":8,"minecraft:furnace":2,"minecraft:mushroom_stew":8,"minecraft:bucket":1,"minecraft:stone_axe":2,"minecraft:bread":30,"minecraft:air":0,"minecraft:iron_boots":1,"minecraft:iron_chestplate":1,"minecraft:shield":1,"minecraft:iron_axe":1,"minecraft:stick":32,"minecraft:iron_ingot":55,"minecraft:iron_pickaxe":2,"minecraft:stone_pickaxe":2,"minecraft:wooden_axe":1,"minecraft:stone_sword":2,"minecraft:iron_leggings":1,"minecraft:torch":12,"minecraft:stone_hoe":1,"minecraft:wheat":90},"minecraft:killed":{"minecraft:pig":10,"minecraft:spider":1,"minecraft:iron_golem":1,"minecraft:slime":9,"minecraft:creeper":1,"minecraft:skeleton":8,"minecraft:sheep":10,"minecraft:zombie":11,"minecraft:cow":15},"minecraft:used":{"minecraft:water_bucket":1,"minecraft:stone_sword":59,"minecraft:stone_pickaxe":45,"minecraft:poppy":2,"minecraft:oak_planks":13,"minecraft:shield":1,"minecraft:wooden_pickaxe":23,"minecraft:iron_sword":53,"minecraft:stone_hoe":11,"minecraft:torch":12,"minecraft:dirt":5,"minecraft:mutton":4,"minecraft:crafting_table":4,"minecraft:mushroom_stew":6,"minecraft:blast_furnace":1,"minecraft:granite":1,"minecraft:wooden_axe":18,"minecraft:apple":2,"minecraft:bread":14,"minecraft:iron_pickaxe":250,"minecraft:stone_axe":70,"minecraft:cobblestone":51,"minecraft:beef":5,"minecraft:furnace":2,"minecraft:oak_sapling":5,"minecraft:porkchop":10,"minecraft:bucket":2,"minecraft:cooked_beef":7,"minecraft:cobbled_deepslate":11}},"DataVersion":3463}