{"stats":{"minecraft:custom":{"minecraft:interact_with_furnace":6,"minecraft:mob_kills":53,"minecraft:interact_with_crafting_table":12,"minecraft:leave_game":2,"minecraft:time_since_death":24955,"minecraft:sleep_in_bed":1,"minecraft:climb_one_cm":4262,"minecraft:time_since_rest":7477,"minecraft:sprint_one_cm":177866,"minecraft:damage_taken":1559,"minecraft:walk_one_cm":91593,"minecraft:drop":26,"minecraft:damage_dealt":6422,"minecraft:swim_one_cm":41847,"minecraft:fly_one_cm":295242,"minecraft:player_kills":1,"minecraft:open_chest":5,"minecraft:crouch_one_cm":6691,"minecraft:play_time":48261,"minecraft:deaths":3,"minecraft:sneak_time":2455,"minecraft:walk_under_water_one_cm":14877,"minecraft:jump":1622,"minecraft:interact_with_blast_furnace":1,"minecraft:walk_on_water_one_cm":13862,"minecraft:total_world_time":48261,"minecraft:fall_one_cm":48946},"minecraft:killed_by":{"minecraft:player":1,"minecraft:skeleton":1},"minecraft:dropped":{"minecraft:brown_mushroom":4,"minecraft:wheat_seeds":4,"minecraft:bowl":1,"minecraft:rotten_flesh":1,"minecraft:mushroom_stew":2,"minecraft:red_mushroom":1,"minecraft:mutton":3,"minecraft:oak_sapling":1,"minecraft:slime_ball":4,"minecraft:stone_pickaxe":1,"minecraft:beef":2,"minecraft:wooden_pickaxe":1,"minecraft:string":1},"minecraft:mined":{"minecraft:brown_mushroom":27,"minecraft:crafting_table":2,"minecraft:blast_furnace":1,"minecraft:grass_block":3,"minecraft:cobblestone":18,"minecraft:red_mushroom":11,"minecraft:hay_block":10,"minecraft:iron_ore":5,"minecraft:grass":18,"minecraft:coal_ore":26,"minecraft:oak_log":50,"minecraft:vine":1,"minecraft:dirt":5,"minecraft:stone":56,"minecraft:oak_leaves":2,"minecraft:fern":2},"minecraft:picked_up":{"minecraft:crafting_table":2,"minecraft:leather":16,"minecraft:brown_mushroom":30,"minecraft:red_mushroom":10,"minecraft:oak_log":49,"minecraft:dirt":7,"minecraft:string":1,"minecraft:apple":2,"minecraft:bow":1,"minecraft:wheat_seeds":4,"minecraft:iron_ingot":3,"minecraft:beef":24,"minecraft:poppy":2,"minecraft:glass_bottle":2,"minecraft:stick":6,"minecraft:raw_iron":5,"minecraft:porkchop":22,"minecraft:blast_furnace":1,"minecraft:redstone":2,"minecraft:arrow":2,"minecraft:rotten_flesh":2,"minecraft:slime_ball":4,"minecraft:hay_block":10,"minecraft:granite":1,"minecraft:gray_wool":2,"minecraft:oak_sapling":6,"minecraft:mutton":15,"minecraft:coal":26,"minecraft:white_wool":8,"minecraft:cobblestone":74},"minecraft:crafted":{"minecraft:cooked_beef":11,"minecraft:oak_planks":124,"minecraft:crafting_table":2,"minecraft:wooden_pickaxe":2,"minecraft:bowl":8,"minecraft:furnace":1,"minecraft:mushroom_stew":8,"minecraft:stone_axe":2,"minecraft:air":0,"minecraft:stick":24,"minecraft:iron_pickaxe":1,"minecraft:stone_pickaxe":2,"minecraft:wooden_axe":1,"minecraft:stone_sword":2,"minecraft:torch":12,"minecraft:stone_hoe":1},"minecraft:killed":{"minecraft:pig":10,"minecraft:iron_golem":1,"minecraft:slime":9,"minecraft:skeleton":1,"minecraft:sheep":10,"minecraft:zombie":5,"minecraft:cow":15},"minecraft:used":{"minecraft:stone_sword":46,"minecraft:stone_pickaxe":45,"minecraft:poppy":2,"minecraft:oak_planks":5,"minecraft:wooden_pickaxe":23,"minecraft:stone_hoe":11,"minecraft:torch":7,"minecraft:dirt":5,"minecraft:mutton":4,"minecraft:crafting_table":4,"minecraft:mushroom_stew":6,"minecraft:granite":1,"minecraft:wooden_axe":18,"minecraft:apple":2,"minecraft:bread":3,"minecraft:iron_pickaxe":39,"minecraft:stone_axe":68,"minecraft:cobblestone":12,"minecraft:beef":5,"minecraft:furnace":1,"minecraft:oak_sapling":5,"minecraft:porkchop":10,"minecraft:cooked_beef":1}},"DataVersion":3463}