{"stats":{"minecraft:custom":{"minecraft:interact_with_furnace":7,"minecraft:mob_kills":50,"minecraft:interact_with_crafting_table":16,"minecraft:interact_with_grindstone":1,"minecraft:leave_game":3,"minecraft:time_since_death":47717,"minecraft:climb_one_cm":1825,"minecraft:time_since_rest":47717,"minecraft:sprint_one_cm":104192,"minecraft:damage_taken":995,"minecraft:walk_one_cm":234719,"minecraft:drop":1,"minecraft:damage_dealt":3979,"minecraft:talked_to_villager":2,"minecraft:fly_one_cm":25895,"minecraft:open_chest":9,"minecraft:crouch_one_cm":3514,"minecraft:play_time":47717,"minecraft:sneak_time":1194,"minecraft:walk_under_water_one_cm":25647,"minecraft:jump":506,"minecraft:walk_on_water_one_cm":19636,"minecraft:total_world_time":47717,"minecraft:fall_one_cm":4025},"minecraft:dropped":{"minecraft:mushroom_stew":1},"minecraft:mined":{"minecraft:podzol":1,"minecraft:brown_mushroom":21,"minecraft:crafting_table":1,"minecraft:grass_block":1,"minecraft:dead_bush":3,"minecraft:mushroom_stem":5,"minecraft:copper_ore":4,"minecraft:cobblestone":1,"minecraft:large_fern":1,"minecraft:iron_ore":8,"minecraft:grass":10,"minecraft:oak_log":23,"minecraft:coal_ore":26,"minecraft:vine":1,"minecraft:sand":8,"minecraft:red_mushroom_block":45,"minecraft:stone":80,"minecraft:oak_leaves":1,"minecraft:fern":11},"minecraft:picked_up":{"minecraft:crafting_table":2,"minecraft:brown_mushroom":18,"minecraft:wooden_pickaxe":1,"minecraft:red_mushroom":19,"minecraft:oak_log":23,"minecraft:gunpowder":3,"minecraft:string":4,"minecraft:dirt":1,"minecraft:raw_copper":9,"minecraft:bone":4,"minecraft:apple":3,"minecraft:wheat_seeds":7,"minecraft:beef":3,"minecraft:raw_iron":7,"minecraft:stick":4,"minecraft:bowl":1,"minecraft:porkchop":4,"minecraft:sand":8,"minecraft:spider_eye":1,"minecraft:arrow":1,"minecraft:rotten_flesh":8,"minecraft:slime_ball":31,"minecraft:oak_sapling":14,"minecraft:mutton":3,"minecraft:coal":26,"minecraft:cobblestone":80},"minecraft:crafted":{"minecraft:cooked_beef":2,"minecraft:wooden_sword":1,"minecraft:oak_planks":84,"minecraft:stone_shovel":1,"minecraft:cooked_porkchop":3,"minecraft:crafting_table":3,"minecraft:wooden_pickaxe":1,"minecraft:bowl":12,"minecraft:furnace":1,"minecraft:mushroom_stew":17,"minecraft:stone_axe":1,"minecraft:cooked_mutton":3,"minecraft:air":0,"minecraft:stick":16,"minecraft:stone_pickaxe":2,"minecraft:wooden_axe":1,"minecraft:stone_sword":1,"minecraft:chest":2,"minecraft:torch":24},"minecraft:killed":{"minecraft:pig":3,"minecraft:witch":1,"minecraft:spider":3,"minecraft:slime":28,"minecraft:creeper":2,"minecraft:skeleton":2,"minecraft:zombie":2,"minecraft:cow":1},"minecraft:used":{"minecraft:cooked_mutton":2,"minecraft:stone_sword":116,"minecraft:stone_shovel":33,"minecraft:stone_pickaxe":65,"minecraft:chest":2,"minecraft:wooden_pickaxe":54,"minecraft:torch":2,"minecraft:crafting_table":5,"minecraft:mushroom_stew":4,"minecraft:oak_log":2,"minecraft:wooden_axe":14,"minecraft:apple":3,"minecraft:stone_axe":58,"minecraft:wooden_sword":12,"minecraft:cobblestone":24,"minecraft:furnace":1,"minecraft:cooked_porkchop":3,"minecraft:cooked_beef":2}},"DataVersion":3463}