{"stats":{"minecraft:custom":{"minecraft:interact_with_furnace":20,"minecraft:mob_kills":60,"minecraft:interact_with_crafting_table":26,"minecraft:interact_with_grindstone":1,"minecraft:leave_game":4,"minecraft:time_since_death":7570,"minecraft:climb_one_cm":1825,"minecraft:time_since_rest":7722,"minecraft:sprint_one_cm":139944,"minecraft:damage_taken":1466,"minecraft:walk_one_cm":381086,"minecraft:drop":7,"minecraft:damage_dealt":6125,"minecraft:talked_to_villager":2,"minecraft:fly_one_cm":34473,"minecraft:open_chest":9,"minecraft:deaths":1,"minecraft:crouch_one_cm":6771,"minecraft:play_time":75105,"minecraft:sneak_time":2072,"minecraft:walk_under_water_one_cm":31658,"minecraft:jump":918,"minecraft:interact_with_blast_furnace":2,"minecraft:walk_on_water_one_cm":27819,"minecraft:total_world_time":75105,"minecraft:fall_one_cm":8450},"minecraft:killed_by":{"minecraft:player":1},"minecraft:dropped":{"minecraft:iron_ingot":1,"minecraft:bowl":1,"minecraft:red_mushroom":1,"minecraft:mushroom_stew":1,"minecraft:torch":1,"minecraft:snowball":16,"minecraft:spruce_sapling":1},"minecraft:mined":{"minecraft:podzol":1,"minecraft:deepslate_redstone_ore":6,"minecraft:brown_mushroom":21,"minecraft:deepslate_diamond_ore":5,"minecraft:crafting_table":1,"minecraft:glow_lichen":1,"minecraft:grass_block":4,"minecraft:dead_bush":3,"minecraft:mushroom_stem":5,"minecraft:copper_ore":4,"minecraft:cobblestone":1,"minecraft:lapis_ore":3,"minecraft:large_fern":1,"minecraft:iron_ore":27,"minecraft:grass":10,"minecraft:coal_ore":40,"minecraft:oak_log":23,"minecraft:vine":1,"minecraft:gravel":6,"minecraft:sand":8,"minecraft:dirt":1,"minecraft:red_mushroom_block":45,"minecraft:stone":96,"minecraft:gold_ore":2,"minecraft:deepslate":9,"minecraft:oak_leaves":1,"minecraft:fern":11},"minecraft:picked_up":{"minecraft:leather_chestplate":2,"minecraft:crafting_table":2,"minecraft:cooked_beef":2,"minecraft:leather":4,"minecraft:brown_mushroom":18,"minecraft:wooden_pickaxe":1,"minecraft:red_mushroom":20,"minecraft:flint":6,"minecraft:oak_log":23,"minecraft:gunpowder":12,"minecraft:lapis_lazuli":46,"minecraft:string":8,"minecraft:dirt":6,"minecraft:raw_copper":18,"minecraft:iron_leggings":1,"minecraft:bone":13,"minecraft:apple":3,"minecraft:cobbled_deepslate":16,"minecraft:wheat_seeds":9,"minecraft:raw_gold":4,"minecraft:iron_ingot":1,"minecraft:stone_pickaxe":2,"minecraft:beef":6,"minecraft:iron_pickaxe":1,"minecraft:iron_sword":1,"minecraft:oak_planks":21,"minecraft:iron_boots":1,"minecraft:stick":5,"minecraft:raw_iron":23,"minecraft:torch":14,"minecraft:bowl":2,"minecraft:gravel":14,"minecraft:porkchop":4,"minecraft:sand":16,"minecraft:spruce_sapling":1,"minecraft:diorite":2,"minecraft:spider_eye":2,"minecraft:stone_shovel":1,"minecraft:stone_sword":3,"minecraft:arrow":6,"minecraft:rotten_flesh":21,"minecraft:slime_ball":31,"minecraft:diamond":10,"minecraft:stone_axe":3,"minecraft:iron_helmet":1,"minecraft:oak_sapling":26,"minecraft:snowball":16,"minecraft:mutton":3,"minecraft:coal":63,"minecraft:cobblestone":129},"minecraft:crafted":{"minecraft:cooked_beef":2,"minecraft:wooden_sword":1,"minecraft:oak_planks":84,"minecraft:stone_shovel":1,"minecraft:cooked_porkchop":3,"minecraft:crafting_table":4,"minecraft:iron_helmet":1,"minecraft:wooden_pickaxe":1,"minecraft:iron_sword":1,"minecraft:bowl":12,"minecraft:furnace":2,"minecraft:mushroom_stew":18,"minecraft:stone_axe":1,"minecraft:cooked_mutton":3,"minecraft:air":0,"minecraft:iron_boots":1,"minecraft:stick":20,"minecraft:iron_ingot":23,"minecraft:iron_pickaxe":1,"minecraft:stone_pickaxe":2,"minecraft:wooden_axe":1,"minecraft:stone_sword":1,"minecraft:chest":2,"minecraft:iron_leggings":1,"minecraft:torch":24},"minecraft:killed":{"minecraft:pig":3,"minecraft:witch":1,"minecraft:spider":4,"minecraft:slime":28,"minecraft:creeper":3,"minecraft:skeleton":5,"minecraft:zombie":5,"minecraft:cow":3},"minecraft:used":{"minecraft:cooked_mutton":3,"minecraft:stone_sword":132,"minecraft:stone_shovel":33,"minecraft:stone_pickaxe":103,"minecraft:chest":2,"minecraft:wooden_pickaxe":54,"minecraft:iron_sword":32,"minecraft:torch":11,"minecraft:crafting_table":6,"minecraft:mushroom_stew":6,"minecraft:oak_log":2,"minecraft:wooden_axe":14,"minecraft:apple":3,"minecraft:iron_pickaxe":47,"minecraft:stone_axe":58,"minecraft:wooden_sword":12,"minecraft:cobblestone":38,"minecraft:furnace":2,"minecraft:cooked_porkchop":3,"minecraft:cooked_beef":3}},"DataVersion":3463}