{"stats":{"minecraft:custom":{"minecraft:jump":217,"minecraft:time_since_rest":15887,"minecraft:damage_taken":395,"minecraft:damage_dealt":34,"minecraft:walk_one_cm":5043,"minecraft:leave_game":2,"minecraft:sprint_one_cm":20172,"minecraft:play_time":16994,"minecraft:time_since_death":15867,"minecraft:walk_on_water_one_cm":2848,"minecraft:deaths":1,"minecraft:sneak_time":14,"minecraft:climb_one_cm":320,"minecraft:total_world_time":16994,"minecraft:walk_under_water_one_cm":2084,"minecraft:swim_one_cm":2911,"minecraft:fly_one_cm":89142},"minecraft:used":{"minecraft:grass_block":2}},"DataVersion":3463}