{"stats":{"minecraft:custom":{"minecraft:jump":201,"minecraft:time_since_rest":12582,"minecraft:damage_taken":105,"minecraft:damage_dealt":30,"minecraft:crouch_one_cm":13,"minecraft:leave_game":5,"minecraft:sprint_one_cm":15974,"minecraft:play_time":12582,"minecraft:time_since_death":12582,"minecraft:walk_on_water_one_cm":3516,"minecraft:walk_one_cm":3315,"minecraft:sneak_time":184,"minecraft:total_world_time":12582,"minecraft:climb_one_cm":3314,"minecraft:walk_under_water_one_cm":12982,"minecraft:swim_one_cm":1224,"minecraft:fall_one_cm":2238,"minecraft:fly_one_cm":253854}},"DataVersion":3463}