{"stats":{"minecraft:custom":{"minecraft:interact_with_furnace":23,"minecraft:mob_kills":33,"minecraft:interact_with_crafting_table":5,"minecraft:leave_game":4,"minecraft:time_since_death":26529,"minecraft:climb_one_cm":4986,"minecraft:time_since_rest":26886,"minecraft:sprint_one_cm":134710,"minecraft:damage_taken":560,"minecraft:walk_one_cm":78111,"minecraft:drop":11,"minecraft:damage_dealt":4179,"minecraft:swim_one_cm":8080,"minecraft:fly_one_cm":529614,"minecraft:player_kills":1,"minecraft:open_chest":4,"minecraft:crouch_one_cm":4900,"minecraft:play_time":76221,"minecraft:deaths":1,"minecraft:sneak_time":2034,"minecraft:walk_under_water_one_cm":2419,"minecraft:jump":1284,"minecraft:walk_on_water_one_cm":2845,"minecraft:total_world_time":76221,"minecraft:fall_one_cm":23052},"minecraft:killed_by":{"minecraft:zombie":1},"minecraft:mined":{"minecraft:crafting_table":3,"minecraft:granite":1,"minecraft:grass_block":3,"minecraft:chest":1,"minecraft:spruce_leaves":3,"minecraft:furnace":3,"minecraft:iron_ore":3,"minecraft:fire":1,"minecraft:grass":4,"minecraft:coal_ore":27,"minecraft:oak_log":13,"minecraft:dirt":9,"minecraft:stone":66,"minecraft:oak_leaves":2},"minecraft:dropped":{"minecraft:gravel":7,"minecraft:iron_sword":1,"minecraft:wheat_seeds":1,"minecraft:rotten_flesh":1,"minecraft:granite":1,"minecraft:dirt":1,"minecraft:stone":1,"minecraft:oak_sapling":1,"minecraft:arrow":3,"minecraft:wooden_pickaxe":1,"minecraft:spruce_sapling":1},"minecraft:picked_up":{"minecraft:crafting_table":2,"minecraft:feather":10,"minecraft:chicken":4,"minecraft:leather":11,"minecraft:oak_log":13,"minecraft:gunpowder":2,"minecraft:dirt":58,"minecraft:string":3,"minecraft:raw_copper":21,"minecraft:bone":1,"minecraft:wheat_seeds":3,"minecraft:beef":22,"minecraft:oak_boat":2,"minecraft:sugar_cane":3,"minecraft:chest":1,"minecraft:iron_sword":1,"minecraft:oak_planks":11,"minecraft:furnace":3,"minecraft:raw_iron":3,"minecraft:stick":9,"minecraft:gravel":7,"minecraft:porkchop":8,"minecraft:spruce_sapling":1,"minecraft:diorite":5,"minecraft:arrow":3,"minecraft:rotten_flesh":8,"minecraft:granite":1,"minecraft:oak_sapling":9,"minecraft:coal":32,"minecraft:mutton":12,"minecraft:white_wool":14,"minecraft:cobblestone":173},"minecraft:crafted":{"minecraft:cooked_beef":10,"minecraft:oak_planks":52,"minecraft:wooden_pickaxe":1,"minecraft:cooked_chicken":1,"minecraft:furnace":3,"minecraft:stone_axe":1,"minecraft:cooked_mutton":1,"minecraft:air":0,"minecraft:oak_boat":1,"minecraft:stick":12,"minecraft:stone_pickaxe":1,"minecraft:chest":1,"minecraft:torch":32},"minecraft:killed":{"minecraft:pig":4,"minecraft:spider":1,"minecraft:creeper":1,"minecraft:sheep":7,"minecraft:skeleton":1,"minecraft:zombie":3,"minecraft:chicken":4,"minecraft:enderman":1,"minecraft:cow":11},"minecraft:used":{"minecraft:cooked_mutton":1,"minecraft:stone_pickaxe":90,"minecraft:chest":1,"minecraft:wooden_pickaxe":17,"minecraft:stone":1,"minecraft:cooked_chicken":1,"minecraft:torch":3,"minecraft:mutton":3,"minecraft:crafting_table":2,"minecraft:stone_axe":66,"minecraft:cobblestone":2,"minecraft:beef":1,"minecraft:furnace":3,"minecraft:oak_boat":1,"minecraft:cooked_beef":3}},"DataVersion":3463}