{"stats":{"minecraft:used":{"minecraft:grass_block":2},"minecraft:custom":{"minecraft:jump":104,"minecraft:time_since_rest":12892,"minecraft:leave_game":1,"minecraft:damage_dealt":34,"minecraft:deaths":1,"minecraft:sprint_one_cm":8333,"minecraft:damage_taken":395,"minecraft:play_time":13999,"minecraft:walk_on_water_one_cm":2346,"minecraft:time_since_death":12872,"minecraft:walk_one_cm":3329,"minecraft:sneak_time":14,"minecraft:total_world_time":13999,"minecraft:walk_under_water_one_cm":2084,"minecraft:swim_one_cm":2911,"minecraft:fly_one_cm":26355}},"DataVersion":3463}