{"stats":{"minecraft:custom":{"minecraft:time_since_rest":48180,"minecraft:interact_with_furnace":20,"minecraft:sprint_one_cm":77190,"minecraft:damage_taken":285,"minecraft:walk_one_cm":50661,"minecraft:mob_kills":23,"minecraft:drop":3,"minecraft:damage_dealt":2713,"minecraft:swim_one_cm":3632,"minecraft:interact_with_crafting_table":5,"minecraft:fly_one_cm":331574,"minecraft:open_chest":2,"minecraft:crouch_one_cm":3974,"minecraft:play_time":48180,"minecraft:sneak_time":1604,"minecraft:walk_under_water_one_cm":2043,"minecraft:jump":762,"minecraft:leave_game":1,"minecraft:walk_on_water_one_cm":2308,"minecraft:time_since_death":48180,"minecraft:climb_one_cm":2380,"minecraft:total_world_time":48180,"minecraft:fall_one_cm":14647},"minecraft:dropped":{"minecraft:wheat_seeds":1,"minecraft:granite":1,"minecraft:wooden_pickaxe":1},"minecraft:mined":{"minecraft:furnace":3,"minecraft:iron_ore":1,"minecraft:fire":1,"minecraft:crafting_table":3,"minecraft:granite":1,"minecraft:grass":3,"minecraft:grass_block":3,"minecraft:oak_log":13,"minecraft:chest":1,"minecraft:dirt":9,"minecraft:stone":48,"minecraft:oak_leaves":2},"minecraft:picked_up":{"minecraft:raw_iron":1,"minecraft:stick":5,"minecraft:crafting_table":2,"minecraft:feather":10,"minecraft:chicken":4,"minecraft:leather":6,"minecraft:oak_log":13,"minecraft:diorite":5,"minecraft:gunpowder":2,"minecraft:string":2,"minecraft:dirt":26,"minecraft:raw_copper":21,"minecraft:bone":1,"minecraft:rotten_flesh":7,"minecraft:wheat_seeds":3,"minecraft:beef":13,"minecraft:granite":1,"minecraft:oak_boat":2,"minecraft:chest":1,"minecraft:sugar_cane":3,"minecraft:oak_sapling":8,"minecraft:oak_planks":11,"minecraft:mutton":12,"minecraft:white_wool":14,"minecraft:cobblestone":155,"minecraft:furnace":3},"minecraft:crafted":{"minecraft:cooked_beef":10,"minecraft:oak_boat":1,"minecraft:oak_planks":52,"minecraft:stick":4,"minecraft:cooked_chicken":1,"minecraft:wooden_pickaxe":1,"minecraft:stone_pickaxe":1,"minecraft:chest":1,"minecraft:furnace":3,"minecraft:stone_axe":1,"minecraft:cooked_mutton":1,"minecraft:air":0},"minecraft:killed":{"minecraft:skeleton":1,"minecraft:sheep":7,"minecraft:zombie":2,"minecraft:chicken":4,"minecraft:creeper":1,"minecraft:enderman":1,"minecraft:cow":7},"minecraft:used":{"minecraft:cooked_mutton":1,"minecraft:stone_pickaxe":43,"minecraft:chest":1,"minecraft:wooden_pickaxe":17,"minecraft:cooked_chicken":1,"minecraft:stone_axe":43,"minecraft:mutton":3,"minecraft:beef":1,"minecraft:crafting_table":2,"minecraft:furnace":3,"minecraft:oak_boat":1,"minecraft:cooked_beef":2}},"DataVersion":3463}