{"stats":{"minecraft:dropped":{"minecraft:sugar_cane":7},"minecraft:picked_up":{"minecraft:sugar_cane":31},"minecraft:custom":{"minecraft:jump":144,"minecraft:open_chest":6,"minecraft:time_since_rest":6387,"minecraft:damage_dealt":80,"minecraft:crouch_one_cm":71,"minecraft:damage_taken":60,"minecraft:leave_game":3,"minecraft:sprint_one_cm":19051,"minecraft:play_time":6387,"minecraft:time_since_death":6387,"minecraft:walk_on_water_one_cm":801,"minecraft:walk_one_cm":8860,"minecraft:sneak_time":69,"minecraft:total_world_time":6387,"minecraft:drop":7,"minecraft:fall_one_cm":2639,"minecraft:fly_one_cm":54203},"minecraft:used":{"minecraft:sugar_cane":28},"minecraft:mined":{"minecraft:sugar_cane":21}},"DataVersion":3463}