{"stats":{"minecraft:picked_up":{"minecraft:sugar_cane":31},"minecraft:used":{"minecraft:redstone_lamp":2,"minecraft:birch_planks":3,"minecraft:grass_block":1,"minecraft:smooth_stone":2,"minecraft:sugar_cane":28},"minecraft:custom":{"minecraft:time_since_rest":37237,"minecraft:open_chest":6,"minecraft:crouch_one_cm":75,"minecraft:play_time":37237,"minecraft:sprint_one_cm":43565,"minecraft:damage_taken":60,"minecraft:walk_one_cm":16318,"minecraft:sneak_time":1326,"minecraft:drop":7,"minecraft:jump":403,"minecraft:damage_dealt":204,"minecraft:leave_game":6,"minecraft:walk_on_water_one_cm":801,"minecraft:time_since_death":37237,"minecraft:total_world_time":37237,"minecraft:climb_one_cm":2975,"minecraft:fly_one_cm":816014,"minecraft:fall_one_cm":2639},"minecraft:mined":{"minecraft:sugar_cane":21},"minecraft:dropped":{"minecraft:sugar_cane":7}},"DataVersion":3463}