{"stats":{"minecraft:picked_up":{"minecraft:sugar_cane":31},"minecraft:custom":{"minecraft:jump":79,"minecraft:open_chest":6,"minecraft:time_since_rest":2738,"minecraft:walk_on_water_one_cm":639,"minecraft:play_time":2738,"minecraft:leave_game":2,"minecraft:sprint_one_cm":10602,"minecraft:damage_taken":60,"minecraft:time_since_death":2738,"minecraft:walk_one_cm":5444,"minecraft:sneak_time":12,"minecraft:total_world_time":2738,"minecraft:drop":7,"minecraft:fall_one_cm":2639,"minecraft:fly_one_cm":34000},"minecraft:mined":{"minecraft:sugar_cane":21},"minecraft:dropped":{"minecraft:sugar_cane":7},"minecraft:used":{"minecraft:sugar_cane":28}},"DataVersion":3463}