{"stats":{"minecraft:dropped":{"minecraft:sugar_cane":7},"minecraft:custom":{"minecraft:jump":178,"minecraft:open_chest":6,"minecraft:time_since_rest":7037,"minecraft:damage_taken":60,"minecraft:damage_dealt":80,"minecraft:crouch_one_cm":71,"minecraft:leave_game":5,"minecraft:sprint_one_cm":24005,"minecraft:play_time":7037,"minecraft:time_since_death":7037,"minecraft:walk_on_water_one_cm":801,"minecraft:walk_one_cm":9503,"minecraft:sneak_time":69,"minecraft:total_world_time":7037,"minecraft:drop":7,"minecraft:fall_one_cm":2639,"minecraft:fly_one_cm":63794},"minecraft:mined":{"minecraft:sugar_cane":21},"minecraft:picked_up":{"minecraft:sugar_cane":31},"minecraft:used":{"minecraft:sugar_cane":28}},"DataVersion":3463}