{"stats":{"minecraft:custom":{"minecraft:jump":36,"minecraft:time_since_rest":1452,"minecraft:leave_game":1,"minecraft:walk_on_water_one_cm":255,"minecraft:sprint_one_cm":6117,"minecraft:play_time":1452,"minecraft:damage_taken":40,"minecraft:time_since_death":1452,"minecraft:walk_one_cm":3577,"minecraft:total_world_time":1452,"minecraft:fall_one_cm":1817,"minecraft:fly_one_cm":11978},"minecraft:mined":{"minecraft:sugar_cane":21},"minecraft:picked_up":{"minecraft:sugar_cane":24},"minecraft:used":{"minecraft:sugar_cane":25}},"DataVersion":3463}