{"stats":{"minecraft:custom":{"minecraft:interact_with_furnace":43,"minecraft:mob_kills":64,"minecraft:interact_with_crafting_table":9,"minecraft:leave_game":2,"minecraft:time_since_death":45668,"minecraft:climb_one_cm":1764,"minecraft:time_since_rest":45668,"minecraft:sprint_one_cm":173048,"minecraft:damage_taken":749,"minecraft:walk_one_cm":172872,"minecraft:drop":16,"minecraft:damage_dealt":6969,"minecraft:swim_one_cm":18249,"minecraft:fly_one_cm":182905,"minecraft:open_chest":4,"minecraft:play_time":45668,"minecraft:sneak_time":27,"minecraft:walk_under_water_one_cm":3117,"minecraft:jump":853,"minecraft:walk_on_water_one_cm":5863,"minecraft:total_world_time":45668,"minecraft:fall_one_cm":14047},"minecraft:broken":{"minecraft:stone_sword":1},"minecraft:mined":{"minecraft:brewing_stand":1,"minecraft:crafting_table":5,"minecraft:torch":3,"minecraft:grass_block":8,"minecraft:sugar_cane":17,"minecraft:wall_torch":10,"minecraft:hay_block":13,"minecraft:seagrass":1,"minecraft:furnace":6,"minecraft:iron_ore":5,"minecraft:grass":17,"minecraft:oak_log":19,"minecraft:coal_ore":51,"minecraft:dirt":19,"minecraft:stone":51},"minecraft:dropped":{"minecraft:wheat_seeds":5,"minecraft:cooked_beef":4,"minecraft:cooked_chicken":1,"minecraft:crafting_table":1,"minecraft:cooked_porkchop":1,"minecraft:rotten_flesh":6,"minecraft:red_mushroom":1,"minecraft:gunpowder":2,"minecraft:spider_eye":2,"minecraft:bow":1,"minecraft:wooden_pickaxe":1,"minecraft:string":1},"minecraft:picked_up":{"minecraft:crafting_table":5,"minecraft:feather":22,"minecraft:chicken":20,"minecraft:leather":16,"minecraft:brown_mushroom":1,"minecraft:red_mushroom":1,"minecraft:oak_log":30,"minecraft:brewing_stand":1,"minecraft:gunpowder":2,"minecraft:dirt":28,"minecraft:string":7,"minecraft:bone":2,"minecraft:bow":1,"minecraft:wheat_seeds":6,"minecraft:beef":33,"minecraft:sugar_cane":43,"minecraft:furnace":5,"minecraft:stick":1,"minecraft:raw_iron":5,"minecraft:torch":13,"minecraft:porkchop":12,"minecraft:spider_eye":2,"minecraft:arrow":2,"minecraft:rotten_flesh":7,"minecraft:hay_block":13,"minecraft:mutton":5,"minecraft:coal":101,"minecraft:white_wool":4,"minecraft:cobblestone":51},"minecraft:crafted":{"minecraft:cooked_beef":17,"minecraft:oak_planks":28,"minecraft:cooked_porkchop":1,"minecraft:crafting_table":1,"minecraft:wooden_pickaxe":1,"minecraft:cooked_chicken":6,"minecraft:iron_sword":1,"minecraft:furnace":2,"minecraft:stone_axe":1,"minecraft:cooked_mutton":2,"minecraft:air":0,"minecraft:bow":2,"minecraft:stick":32,"minecraft:iron_ingot":5,"minecraft:iron_pickaxe":1,"minecraft:stone_pickaxe":1,"minecraft:stone_sword":2,"minecraft:torch":40},"minecraft:killed":{"minecraft:pig":6,"minecraft:spider":6,"minecraft:creeper":1,"minecraft:skeleton":2,"minecraft:sheep":4,"minecraft:zombie":6,"minecraft:chicken":20,"minecraft:cow":19},"minecraft:used":{"minecraft:cooked_mutton":2,"minecraft:stone_sword":208,"minecraft:stone_pickaxe":112,"minecraft:wooden_pickaxe":19,"minecraft:iron_sword":15,"minecraft:cooked_chicken":5,"minecraft:torch":21,"minecraft:dirt":17,"minecraft:crafting_table":4,"minecraft:bread":1,"minecraft:iron_pickaxe":2,"minecraft:stone_axe":39,"minecraft:furnace":6,"minecraft:cooked_beef":4}},"DataVersion":3463}