{"stats":{"minecraft:custom":{"minecraft:interact_with_furnace":71,"minecraft:mob_kills":113,"minecraft:interact_with_crafting_table":21,"minecraft:leave_game":3,"minecraft:time_since_death":72907,"minecraft:climb_one_cm":1764,"minecraft:time_since_rest":72907,"minecraft:sprint_one_cm":299657,"minecraft:damage_taken":2185,"minecraft:walk_one_cm":309631,"minecraft:damage_blocked_by_shield":480,"minecraft:drop":24,"minecraft:damage_dealt":16481,"minecraft:swim_one_cm":18249,"minecraft:fly_one_cm":331131,"minecraft:open_chest":9,"minecraft:play_time":72907,"minecraft:sneak_time":27,"minecraft:walk_under_water_one_cm":3117,"minecraft:jump":1546,"minecraft:walk_on_water_one_cm":5863,"minecraft:total_world_time":72907,"minecraft:fall_one_cm":31794},"minecraft:broken":{"minecraft:stone_sword":1,"minecraft:iron_sword":1},"minecraft:mined":{"minecraft:brewing_stand":1,"minecraft:crafting_table":6,"minecraft:torch":4,"minecraft:grass_block":8,"minecraft:sugar_cane":17,"minecraft:diorite":1,"minecraft:wall_torch":10,"minecraft:hay_block":13,"minecraft:seagrass":1,"minecraft:furnace":8,"minecraft:iron_ore":43,"minecraft:grass":18,"minecraft:oak_log":19,"minecraft:coal_ore":73,"minecraft:dirt":19,"minecraft:stone":60},"minecraft:dropped":{"minecraft:stone_axe":1,"minecraft:wheat_seeds":7,"minecraft:cooked_beef":4,"minecraft:cooked_chicken":1,"minecraft:stone_sword":1,"minecraft:crafting_table":1,"minecraft:cooked_porkchop":1,"minecraft:rotten_flesh":25,"minecraft:red_mushroom":1,"minecraft:gunpowder":5,"minecraft:spider_eye":2,"minecraft:bow":2,"minecraft:stone_pickaxe":1,"minecraft:wooden_pickaxe":1,"minecraft:string":1},"minecraft:picked_up":{"minecraft:crafting_table":6,"minecraft:feather":22,"minecraft:chicken":20,"minecraft:leather":16,"minecraft:brown_mushroom":1,"minecraft:red_mushroom":1,"minecraft:oak_log":30,"minecraft:brewing_stand":1,"minecraft:gunpowder":5,"minecraft:dirt":28,"minecraft:string":15,"minecraft:bone":14,"minecraft:bow":1,"minecraft:wheat_seeds":7,"minecraft:beef":33,"minecraft:sugar_cane":43,"minecraft:furnace":7,"minecraft:stick":1,"minecraft:raw_iron":43,"minecraft:torch":15,"minecraft:porkchop":12,"minecraft:diorite":1,"minecraft:spider_eye":2,"minecraft:arrow":17,"minecraft:rotten_flesh":25,"minecraft:hay_block":13,"minecraft:mutton":6,"minecraft:coal":123,"minecraft:white_wool":5,"minecraft:cobblestone":60},"minecraft:crafted":{"minecraft:cooked_beef":17,"minecraft:oak_planks":72,"minecraft:cooked_porkchop":12,"minecraft:crafting_table":2,"minecraft:iron_helmet":1,"minecraft:wooden_pickaxe":1,"minecraft:cooked_chicken":6,"minecraft:iron_sword":2,"minecraft:furnace":4,"minecraft:stone_axe":2,"minecraft:cooked_mutton":5,"minecraft:air":0,"minecraft:iron_boots":1,"minecraft:bow":2,"minecraft:iron_chestplate":1,"minecraft:shield":1,"minecraft:stick":52,"minecraft:iron_ingot":25,"minecraft:iron_pickaxe":1,"minecraft:stone_pickaxe":1,"minecraft:stone_sword":2,"minecraft:chest":2,"minecraft:torch":76},"minecraft:killed":{"minecraft:pig":6,"minecraft:spider":12,"minecraft:creeper":2,"minecraft:skeleton":15,"minecraft:sheep":5,"minecraft:zombie":29,"minecraft:chicken":20,"minecraft:cow":19},"minecraft:used":{"minecraft:cooked_mutton":2,"minecraft:stone_sword":208,"minecraft:stone_pickaxe":112,"minecraft:chest":2,"minecraft:shield":11,"minecraft:wooden_pickaxe":19,"minecraft:iron_sword":250,"minecraft:cooked_chicken":5,"minecraft:torch":87,"minecraft:dirt":28,"minecraft:crafting_table":7,"minecraft:bread":1,"minecraft:iron_pickaxe":75,"minecraft:iron_helmet":1,"minecraft:stone_axe":40,"minecraft:furnace":11,"minecraft:cooked_porkchop":9,"minecraft:cooked_beef":13}},"DataVersion":3463}