{"stats":{"minecraft:custom":{"minecraft:interact_with_furnace":42,"minecraft:mob_kills":18,"minecraft:interact_with_crafting_table":11,"minecraft:interact_with_grindstone":1,"minecraft:leave_game":3,"minecraft:time_since_death":50494,"minecraft:climb_one_cm":2454,"minecraft:time_since_rest":50536,"minecraft:sprint_one_cm":124483,"minecraft:damage_taken":1785,"minecraft:walk_one_cm":256401,"minecraft:drop":21,"minecraft:damage_dealt":2743,"minecraft:swim_one_cm":6968,"minecraft:talked_to_villager":4,"minecraft:fly_one_cm":21795,"minecraft:player_kills":1,"minecraft:open_chest":13,"minecraft:play_time":74375,"minecraft:deaths":4,"minecraft:sneak_time":3,"minecraft:walk_under_water_one_cm":26054,"minecraft:jump":494,"minecraft:walk_on_water_one_cm":26910,"minecraft:total_world_time":74375,"minecraft:fall_one_cm":2645},"minecraft:killed_by":{"minecraft:player":1,"minecraft:zombie":1},"minecraft:dropped":{"minecraft:bowl":1,"minecraft:crafting_table":1,"minecraft:feather":1,"minecraft:rotten_flesh":2,"minecraft:light_gray_wool":1,"minecraft:oak_planks":5,"minecraft:cooked_mutton":2,"minecraft:wooden_axe":4,"minecraft:wooden_shovel":1,"minecraft:wooden_sword":1,"minecraft:arrow":2,"minecraft:wooden_pickaxe":5,"minecraft:bone":1},"minecraft:mined":{"minecraft:brown_mushroom":6,"minecraft:oak_sapling":2,"minecraft:oak_fence":1,"minecraft:crafting_table":5,"minecraft:dead_bush":3,"minecraft:oak_pressure_plate":1,"minecraft:oak_planks":4,"minecraft:sugar_cane":2,"minecraft:diorite":5,"minecraft:andesite":2,"minecraft:grass":12,"minecraft:coal_ore":100,"minecraft:oak_log":16,"minecraft:vine":1,"minecraft:oak_stairs":2,"minecraft:dirt":2,"minecraft:stone":30},"minecraft:broken":{"minecraft:stone_pickaxe":1,"minecraft:wooden_sword":1},"minecraft:picked_up":{"minecraft:wooden_axe":5,"minecraft:crafting_table":6,"minecraft:feather":1,"minecraft:cooked_beef":4,"minecraft:chicken":2,"minecraft:andesite":2,"minecraft:leather":4,"minecraft:brown_mushroom":6,"minecraft:wooden_pickaxe":5,"minecraft:oak_stairs":2,"minecraft:mushroom_stew":3,"minecraft:oak_log":16,"minecraft:dirt":2,"minecraft:string":4,"minecraft:wooden_sword":1,"minecraft:cooked_mutton":6,"minecraft:bone":2,"minecraft:blue_orchid":2,"minecraft:bow":1,"minecraft:iron_ingot":1,"minecraft:beef":7,"minecraft:stone_pickaxe":1,"minecraft:cooked_chicken":1,"minecraft:wooden_shovel":1,"minecraft:light_gray_wool":1,"minecraft:sugar_cane":8,"minecraft:oak_planks":4,"minecraft:stick":5,"minecraft:stone":1,"minecraft:cooked_porkchop":1,"minecraft:oak_fence":1,"minecraft:oak_pressure_plate":1,"minecraft:porkchop":4,"minecraft:diorite":5,"minecraft:arrow":2,"minecraft:rotten_flesh":5,"minecraft:oak_sapling":8,"minecraft:mutton":8,"minecraft:coal":100,"minecraft:white_wool":5,"minecraft:cobblestone":29},"minecraft:crafted":{"minecraft:cooked_beef":8,"minecraft:wooden_sword":2,"minecraft:oak_planks":64,"minecraft:wooden_shovel":1,"minecraft:crafting_table":1,"minecraft:wooden_pickaxe":2,"minecraft:cooked_chicken":3,"minecraft:cooked_mutton":17,"minecraft:stick":28,"minecraft:wooden_axe":2,"minecraft:stone_sword":1,"minecraft:white_bed":1,"minecraft:torch":24},"minecraft:killed":{"minecraft:pig":2,"minecraft:sheep":6,"minecraft:skeleton":2,"minecraft:zombie":3,"minecraft:chicken":2,"minecraft:cow":3},"minecraft:used":{"minecraft:oak_fence":1,"minecraft:cooked_mutton":5,"minecraft:stone_sword":21,"minecraft:stone_pickaxe":112,"minecraft:oak_planks":17,"minecraft:wooden_pickaxe":28,"minecraft:stone":1,"minecraft:wooden_shovel":3,"minecraft:sugar_cane":2,"minecraft:cooked_chicken":2,"minecraft:torch":12,"minecraft:crafting_table":6,"minecraft:mushroom_stew":2,"minecraft:white_bed":1,"minecraft:wooden_axe":24,"minecraft:blue_orchid":1,"minecraft:oak_pressure_plate":1,"minecraft:wooden_sword":67,"minecraft:oak_sapling":3,"minecraft:cooked_porkchop":1,"minecraft:andesite":2,"minecraft:cooked_beef":1}},"DataVersion":3463}