{"stats":{"minecraft:custom":{"minecraft:interact_with_furnace":22,"minecraft:mob_kills":14,"minecraft:interact_with_crafting_table":8,"minecraft:leave_game":1,"minecraft:time_since_death":25000,"minecraft:climb_one_cm":2454,"minecraft:time_since_rest":25042,"minecraft:sprint_one_cm":90678,"minecraft:damage_taken":1568,"minecraft:walk_one_cm":159867,"minecraft:drop":14,"minecraft:damage_dealt":2324,"minecraft:swim_one_cm":6968,"minecraft:fly_one_cm":17882,"minecraft:player_kills":1,"minecraft:open_chest":7,"minecraft:play_time":48881,"minecraft:deaths":4,"minecraft:sneak_time":3,"minecraft:walk_under_water_one_cm":26054,"minecraft:jump":333,"minecraft:walk_on_water_one_cm":26910,"minecraft:total_world_time":48881,"minecraft:fall_one_cm":2076},"minecraft:killed_by":{"minecraft:player":1,"minecraft:zombie":1},"minecraft:broken":{"minecraft:wooden_sword":1},"minecraft:dropped":{"minecraft:bowl":1,"minecraft:crafting_table":1,"minecraft:rotten_flesh":2,"minecraft:light_gray_wool":1,"minecraft:oak_planks":5,"minecraft:cooked_mutton":2,"minecraft:wooden_axe":3,"minecraft:wooden_sword":1,"minecraft:wooden_pickaxe":3},"minecraft:mined":{"minecraft:brown_mushroom":6,"minecraft:oak_sapling":2,"minecraft:crafting_table":5,"minecraft:dead_bush":3,"minecraft:sugar_cane":2,"minecraft:diorite":5,"minecraft:grass":11,"minecraft:oak_log":14,"minecraft:vine":1,"minecraft:dirt":2,"minecraft:stone":21},"minecraft:picked_up":{"minecraft:wooden_axe":5,"minecraft:crafting_table":6,"minecraft:feather":1,"minecraft:cooked_beef":4,"minecraft:chicken":1,"minecraft:leather":4,"minecraft:brown_mushroom":6,"minecraft:wooden_pickaxe":5,"minecraft:mushroom_stew":3,"minecraft:oak_log":14,"minecraft:dirt":2,"minecraft:string":4,"minecraft:wooden_sword":1,"minecraft:cooked_mutton":6,"minecraft:bone":1,"minecraft:blue_orchid":2,"minecraft:beef":7,"minecraft:stone_pickaxe":1,"minecraft:cooked_chicken":1,"minecraft:wooden_shovel":1,"minecraft:light_gray_wool":1,"minecraft:sugar_cane":8,"minecraft:stick":5,"minecraft:cooked_porkchop":1,"minecraft:porkchop":3,"minecraft:diorite":5,"minecraft:arrow":2,"minecraft:rotten_flesh":5,"minecraft:oak_sapling":8,"minecraft:mutton":6,"minecraft:white_wool":4,"minecraft:cobblestone":20},"minecraft:crafted":{"minecraft:cooked_beef":1,"minecraft:wooden_sword":2,"minecraft:oak_planks":56,"minecraft:wooden_shovel":1,"minecraft:crafting_table":1,"minecraft:wooden_pickaxe":2,"minecraft:cooked_chicken":1,"minecraft:cooked_mutton":5,"minecraft:stick":12,"minecraft:wooden_axe":2,"minecraft:stone_sword":1},"minecraft:killed":{"minecraft:pig":1,"minecraft:sheep":5,"minecraft:skeleton":1,"minecraft:zombie":3,"minecraft:chicken":1,"minecraft:cow":3},"minecraft:used":{"minecraft:cooked_mutton":2,"minecraft:stone_sword":7,"minecraft:wooden_pickaxe":28,"minecraft:wooden_shovel":3,"minecraft:sugar_cane":2,"minecraft:cooked_chicken":2,"minecraft:crafting_table":6,"minecraft:mushroom_stew":2,"minecraft:wooden_axe":15,"minecraft:blue_orchid":1,"minecraft:wooden_sword":67,"minecraft:oak_sapling":3,"minecraft:cooked_porkchop":1,"minecraft:cooked_beef":1}},"DataVersion":3463}